category,phrase,glyph_count,dominant,dominant_count,disruptive_events,entropy,chord_action_net,chord_structure,chord_flow,chord_transform
breakage,THE GLASS SHATTERS ON THE FLOOR,26,Reinforce,6,0,2.5845,0.2216,0.3466,0.4318,0.0
breakage,THE BONE SNAPS UNDER WEIGHT,23,Gate,6,0,2.4308,-0.0486,0.3514,0.6,0.0
breakage,THE BRIDGE COLLAPSES IN THE STORM,28,Propel,8,0,2.5229,0.0319,0.3138,0.6543,0.0
breakage,THE ICE CRACKS BENEATH THE BOOT,25,Dampen,7,2,2.7551,-0.388,0.116,0.448,0.048
breakage,THE WALL CRUMBLES INTO DUST,23,Dampen,6,0,2.4874,-0.2553,0.2102,0.5345,0.0
containment,THE JAR HOLDS THE HONEY,19,Dampen,5,1,2.5047,-0.1905,0.2635,0.4317,0.1143
containment,THE NEST CRADLES THE EGG,20,Gate,4,0,2.8258,-0.2299,0.2881,0.482,0.0
containment,THE WALL KEEPS THE GARDEN,21,Dampen,6,0,2.5464,-0.2508,0.2355,0.5138,0.0
containment,THE CUP RECEIVES THE WINE,21,Dampen,8,0,2.3842,-0.2063,0.1542,0.6395,0.0
containment,THE CAVE HIDES THE BEAR,18,Dampen,8,2,2.0875,-0.2236,0.136,0.5438,0.0967
motion,THE BIRD FLIES SOUTH,17,Propel,5,0,2.5244,0.2016,0.1235,0.6749,0.0
motion,THE RIVER RUNS TO THE SEA,19,Gate,5,1,2.7052,-0.0308,0.419,0.4576,0.0925
motion,THE ARROW SEEKS THE TREE,20,Dampen,5,0,2.7809,-0.2363,0.2625,0.5012,0.0
motion,THE WOLF CHASES THE DEER,20,Dampen,7,0,2.2663,-0.3025,0.1433,0.5541,0.0
motion,THE WIND CARRIES THE SEED,21,Dampen,6,0,2.7332,-0.2903,0.1797,0.53,0.0
opening,THE DOOR OPENS TO THE GARDEN,23,Dampen,7,0,2.4002,-0.1566,0.3535,0.4899,0.0
opening,THE BOOK REVEALS A SECRET,20,Propel,6,2,2.5895,-0.0327,0.2909,0.5891,0.0873
opening,THE EYE OPENS TO THE SKY,19,Dampen,4,3,3.0169,-0.0692,0.0566,0.6604,0.2138
opening,THE MAP UNFOLDS THE WORLD,21,Dampen,4,0,2.5219,-0.1404,0.2723,0.5872,0.0
opening,THE FLOWER OPENS AT MORNING,23,Gate,7,0,2.4021,0.0758,0.441,0.4831,0.0
waiting,THE OWL WAITS FOR THE NIGHT,22,Dampen,5,0,2.6607,-0.3276,0.2143,0.4581,0.0
waiting,THE STONE LIES ON THE PATH,21,Propel,7,0,2.4639,0.0688,0.163,0.7681,0.0
waiting,THE CANDLE REMAINS UNLIT,21,Gate,7,0,2.4639,-0.1496,0.3045,0.5459,0.0
waiting,THE HOUSE SLEEPS AT DAWN,20,Dampen,6,0,2.089,0.0955,0.1227,0.7818,0.0
waiting,THE LETTER RESTS ON THE TABLE,24,Dampen,6,0,2.5334,-0.152,0.299,0.549,0.0
