corpus_id,collection,concept_id,language,phrase,neighbor_1,neighbor_1_cos,neighbor_2,neighbor_2_cos,neighbor_3,neighbor_3_cos
expanded_001,expanded,memory_holds_stone,EN,THE RIVER REMEMBERS THE STONE,STONE LISTENS UNDER THE RAIN,0.9956,THE TRAIN ARRIVES AFTER SUNSET,0.9919,MEMORIA PORTAM ABDITAM APERIT,0.9864
expanded_002,expanded,memory_opens_gate,EN,MEMORY OPENS A HIDDEN GATE,IS CUIMHIN LEIS AN ABHAINN,0.993,MEMORIA PORTAM ABDITAM APERIT,0.988,PIZZA ON TUESDAY,0.9866
expanded_003,expanded,broken_vessel_holds_light,EN,THE BROKEN VESSEL HOLDS LIGHT,IS CUIMHIN LEIS AN ABHAINN,0.9892,PIZZA ON TUESDAY,0.9892,FREEDOM OPENS THE DOOR,0.9792
expanded_004,expanded,water_teaches_fire,EN,FIRE TEACHES WATER TO TURN,THE MARKET CLOSES AT NOON,0.9882,MUSIC BENDS THE QUIET ROOM,0.9848,WAR BREAKS THE GATE,0.9807
expanded_005,expanded,stone_listens,EN,STONE LISTENS UNDER THE RAIN,THE TRAIN ARRIVES AFTER SUNSET,0.9957,THE RIVER REMEMBERS THE STONE,0.9956,FREEDOM OPENS THE DOOR,0.9947
expanded_006,expanded,key_opens_lock,EN,A SMALL KEY OPENS THE OLD LOCK,MEMORY OPENS A HIDDEN GATE,0.9435,THE BROKEN VESSEL HOLDS LIGHT,0.9421,IS CUIMHIN LEIS AN ABHAINN,0.942
expanded_007,expanded,child_draws_circle,EN,THE CHILD DRAWS A CIRCLE,AQUA IGNEM DOCET,0.9938,MUSIC BENDS THE QUIET ROOM,0.9807,THE FOCS AND THE HOUND,0.9728
expanded_008,expanded,music_bends_room,EN,MUSIC BENDS THE QUIET ROOM,THE FOCS AND THE HOUND,0.9873,FIRE TEACHES WATER TO TURN,0.9848,THE MARKET CLOSES AT NOON,0.9817
expanded_009,expanded,map_territory,EN,THE MAP IS NOT THE TERRITORY,CURA FRICTIONEM AD LIBERTATEM FLECTIT,0.9955,THE MARKET CLOSES AT NOON,0.9751,FIRE TEACHES WATER TO TURN,0.9658
expanded_010,expanded,chaos_finds_door,EN,CHAOS FINDS A NARROW DOOR,SNAIDHM A IARRANN CURAM,0.999,CARE BENDS FRICTION TOWARDS FREEDOM,0.9868,LIGHT BREAKS THE DARKNESS,0.9717
expanded_011,expanded,order_dreams,EN,ORDER LEARNS TO DREAM,BRISEANN COGADH AN GEATA,0.9653,OSCLAIONN CUIMHNE AN GEATA,0.9094,CHAOS FINDS A NARROW DOOR,0.9079
expanded_012,expanded,name_changes_shape,EN,THE NAME CHANGES THE SHAPE,MEMORIA LAPIDEM TENET,0.9991,INTERESSENCE,0.9825,THE MAP IS NOT THE TERRITORY,0.9634
expanded_013,expanded,light_returns_crack,EN,LIGHT RETURNS THROUGH THE CRACK,WAR BREAKS THE GATE,0.9865,FIRE TEACHES WATER TO TURN,0.9685,THE MARKET CLOSES AT NOON,0.9559
expanded_014,expanded,market_noon,EN,THE MARKET CLOSES AT NOON,FIRE TEACHES WATER TO TURN,0.9882,CURA FRICTIONEM AD LIBERTATEM FLECTIT,0.9879,MUSIC BENDS THE QUIET ROOM,0.9817
expanded_015,expanded,coffee_window,EN,COFFEE WAITS BESIDE THE WINDOW,AIT FHRITHCHUIMILTE,0.9777,THE FOCS AND THE HOUND,0.9758,AQUA IGNEM DOCET,0.9608
expanded_016,expanded,train_sunset,EN,THE TRAIN ARRIVES AFTER SUNSET,STONE LISTENS UNDER THE RAIN,0.9957,THE RIVER REMEMBERS THE STONE,0.9919,FREEDOM OPENS THE DOOR,0.9853
expanded_017,expanded,freedom_opens_door,LA,LIBERTAS PORTAM APERIT,BELLUM PORTA FRANGIT,0.9813,THE BROKEN VESSEL HOLDS LIGHT,0.9743,PIZZA ON TUESDAY,0.9716
expanded_018,expanded,memory_holds_stone,LA,MEMORIA LAPIDEM TENET,THE NAME CHANGES THE SHAPE,0.9991,INTERESSENCE,0.9893,MEMORIA PORTAM ABDITAM APERIT,0.9686
expanded_019,expanded,water_teaches_fire,LA,AQUA IGNEM DOCET,THE CHILD DRAWS A CIRCLE,0.9938,THE FOCS AND THE HOUND,0.9837,MUSIC BENDS THE QUIET ROOM,0.9762
expanded_020,expanded,memory_opens_gate,GA,OSCLAIONN CUIMHNE AN GEATA,BRISEANN COGADH AN GEATA,0.9707,ORDER LEARNS TO DREAM,0.9094,WAR BREAKS THE GATE,0.9005
expanded_021,expanded,light_breaks_darkness,GA,BRISEANN SOLAS AN DORCHADAS,OSCLAIONN SAOIRSE AN DORAS,0.9927,BELLUM PORTA FRANGIT,0.9667,LUX TENEBRAS FRANGIT,0.9386
expanded_022,expanded,memory_holds_stone,GA,IS CUIMHIN LEIS AN ABHAINN,PIZZA ON TUESDAY,0.9968,MEMORY OPENS A HIDDEN GATE,0.993,THE BROKEN VESSEL HOLDS LIGHT,0.9892
seed_001,seed,project_name,NEO,INTERESSENCE,MEMORIA PORTAM ABDITAM APERIT,0.9938,MEMORIA LAPIDEM TENET,0.9893,MEMORY OPENS A HIDDEN GATE,0.984
seed_002,seed,care_bends_friction,EN,CARE BENDS FRICTION TOWARDS FREEDOM,LIGHT BREAKS THE DARKNESS,0.9963,SNAIDHM A IARRANN CURAM,0.9876,CHAOS FINDS A NARROW DOOR,0.9868
seed_003,seed,care_bends_friction,LA,CURA FRICTIONEM AD LIBERTATEM FLECTIT,THE MAP IS NOT THE TERRITORY,0.9955,THE MARKET CLOSES AT NOON,0.9879,FIRE TEACHES WATER TO TURN,0.9793
seed_004,seed,war_breaks_gate,EN,WAR BREAKS THE GATE,LIGHT RETURNS THROUGH THE CRACK,0.9865,FIRE TEACHES WATER TO TURN,0.9807,THE MARKET CLOSES AT NOON,0.9541
seed_005,seed,war_breaks_gate,LA,BELLUM PORTA FRANGIT,LUX TENEBRAS FRANGIT,0.9891,LIBERTAS PORTAM APERIT,0.9813,BRISEANN SOLAS AN DORCHADAS,0.9667
seed_006,seed,war_breaks_gate,GA,BRISEANN COGADH AN GEATA,OSCLAIONN CUIMHNE AN GEATA,0.9707,ORDER LEARNS TO DREAM,0.9653,WAR BREAKS THE GATE,0.9269
seed_007,seed,friction_place,GA,AIT FHRITHCHUIMILTE,THE FOCS AND THE HOUND,0.9856,COFFEE WAITS BESIDE THE WINDOW,0.9777,CURA FRICTIONEM AD LIBERTATEM FLECTIT,0.9687
seed_008,seed,knot_seeks_care,GA,SNAIDHM A IARRANN CURAM,CHAOS FINDS A NARROW DOOR,0.999,CARE BENDS FRICTION TOWARDS FREEDOM,0.9876,LIGHT BREAKS THE DARKNESS,0.9753
seed_009,seed,mundane_control,EN,PIZZA ON TUESDAY,FREEDOM OPENS THE DOOR,0.9972,IS CUIMHIN LEIS AN ABHAINN,0.9968,MEMORIA PORTAM ABDITAM APERIT,0.9916
seed_010,seed,color_statement,EN,THE SPEIR IS BLUE,THE BROKEN VESSEL HOLDS LIGHT,0.9659,LIBERTAS PORTAM APERIT,0.9544,IS CUIMHIN LEIS AN ABHAINN,0.9296
seed_011,seed,animal_control,EN,THE FOCS AND THE HOUND,MUSIC BENDS THE QUIET ROOM,0.9873,AIT FHRITHCHUIMILTE,0.9856,AQUA IGNEM DOCET,0.9837
translation_001,translation_added,memory_opens_gate,LA,MEMORIA PORTAM ABDITAM APERIT,FREEDOM OPENS THE DOOR,0.9944,INTERESSENCE,0.9938,STONE LISTENS UNDER THE RAIN,0.9922
translation_002,translation_added,freedom_opens_door,EN,FREEDOM OPENS THE DOOR,PIZZA ON TUESDAY,0.9972,STONE LISTENS UNDER THE RAIN,0.9947,MEMORIA PORTAM ABDITAM APERIT,0.9944
translation_003,translation_added,freedom_opens_door,GA,OSCLAIONN SAOIRSE AN DORAS,BRISEANN SOLAS AN DORCHADAS,0.9927,BELLUM PORTA FRANGIT,0.963,LUX TENEBRAS FRANGIT,0.9337
translation_004,translation_added,light_breaks_darkness,EN,LIGHT BREAKS THE DARKNESS,CARE BENDS FRICTION TOWARDS FREEDOM,0.9963,THE RIVER REMEMBERS THE STONE,0.9795,SNAIDHM A IARRANN CURAM,0.9753
translation_005,translation_added,light_breaks_darkness,LA,LUX TENEBRAS FRANGIT,BELLUM PORTA FRANGIT,0.9891,THE TRAIN ARRIVES AFTER SUNSET,0.9848,FREEDOM OPENS THE DOOR,0.9802
