family,word,distance_from_base,cosine_from_base,euclid_from_base,dominant,chord_action_net,chord_structure,chord_flow,chord_transform
break_family,BREAK,0,1.0,0.0,Anchor,-0.2889,0.4444,0.0,0.2667
break_family,BREAD,1,0.9432,0.22,Anchor,-0.1111,0.5556,0.0,0.3333
break_family,BREATHE,3,0.7853,0.3731,Anchor,-0.1228,0.3509,0.3158,0.2105
care_family,CARE,0,1.0,0.0,Gate,-0.3509,0.2632,0.386,0.0
care_family,CURE,1,0.9881,0.0928,Gate,-0.3077,0.2308,0.4615,0.0
care_family,CORE,1,0.9965,0.0494,Gate,-0.3279,0.2459,0.4262,0.0
care_family,CIRCE,2,0.9843,0.1091,Dampen,-0.3765,0.1765,0.4471,0.0
gate_family,GATE,0,1.0,0.0,Dampen,-0.2195,0.2439,0.5366,0.0
gate_family,FATE,1,0.7312,0.5565,Dampen,0.2143,0.0,0.7857,0.0
gate_family,LATE,1,0.8364,0.5522,Dampen,0.0435,0.0,0.9565,0.0
gate_family,MATE,1,0.9818,0.1323,Dampen,-0.25,0.1389,0.6111,0.0
gate_family,RATE,1,0.9162,0.2552,Dampen,-0.1607,0.4464,0.3929,0.0
light_family,LIGHT,0,1.0,0.0,Propel,-0.2,0.1846,0.6154,0.0
light_family,NIGHT,1,0.8678,0.3344,Gate,-0.287,0.3652,0.3478,0.0
light_family,RIGHT,1,0.7844,0.4234,Gate,-0.2444,0.4593,0.2963,0.0
light_family,SIGHT,1,0.8926,0.3252,Propel,0.1186,0.2034,0.678,0.0
stone_family,STONE,0,1.0,0.0,Gate,0.1951,0.2195,0.5854,0.0
stone_family,STORE,1,0.9814,0.127,Gate,0.1702,0.3191,0.5106,0.0
stone_family,STORM,2,0.6517,0.5463,Opposition,0.2388,0.5821,0.1791,0.0
stone_family,STERN,3,0.7094,0.5007,Opposition,0.1649,0.5876,0.2474,0.0
