family,word_a,word_b,edit_distance,cosine,euclid,dominant_a,dominant_b,dominant_match
break_family,BREAK,BREAD,1,0.9432,0.22,Anchor,Anchor,True
break_family,BREAK,BREATHE,3,0.7853,0.3731,Anchor,Anchor,True
break_family,BREAD,BREATHE,3,0.7982,0.396,Anchor,Anchor,True
care_family,CARE,CURE,1,0.9881,0.0928,Gate,Gate,True
care_family,CARE,CORE,1,0.9965,0.0494,Gate,Gate,True
care_family,CARE,CIRCE,2,0.9843,0.1091,Gate,Dampen,False
care_family,CURE,CORE,1,0.9975,0.0434,Gate,Gate,True
care_family,CURE,CIRCE,2,0.9894,0.0888,Gate,Dampen,False
care_family,CORE,CIRCE,2,0.99,0.0873,Gate,Dampen,False
gate_family,GATE,FATE,1,0.7312,0.5565,Dampen,Dampen,True
gate_family,GATE,LATE,1,0.8364,0.5522,Dampen,Dampen,True
gate_family,GATE,MATE,1,0.9818,0.1323,Dampen,Dampen,True
gate_family,GATE,RATE,1,0.9162,0.2552,Dampen,Dampen,True
gate_family,FATE,LATE,1,0.9757,0.2415,Dampen,Dampen,True
gate_family,FATE,MATE,1,0.7763,0.5151,Dampen,Dampen,True
gate_family,FATE,RATE,1,0.5467,0.703,Dampen,Dampen,True
gate_family,LATE,MATE,1,0.888,0.4741,Dampen,Dampen,True
gate_family,LATE,RATE,1,0.6253,0.7474,Dampen,Dampen,True
gate_family,MATE,RATE,1,0.8235,0.3875,Dampen,Dampen,True
light_family,LIGHT,NIGHT,1,0.8678,0.3344,Propel,Gate,False
light_family,LIGHT,RIGHT,1,0.7844,0.4234,Propel,Gate,False
light_family,LIGHT,SIGHT,1,0.8926,0.3252,Propel,Propel,True
light_family,NIGHT,RIGHT,1,0.9813,0.1154,Gate,Gate,True
light_family,NIGHT,SIGHT,1,0.6628,0.5475,Gate,Propel,False
light_family,RIGHT,SIGHT,1,0.6174,0.5856,Gate,Propel,False
stone_family,STONE,STORE,1,0.9814,0.127,Gate,Gate,True
stone_family,STONE,STORM,2,0.6517,0.5463,Gate,Opposition,False
stone_family,STONE,STERN,3,0.7094,0.5007,Gate,Opposition,False
stone_family,STORE,STORM,1,0.7765,0.4287,Gate,Opposition,False
stone_family,STORE,STERN,2,0.8297,0.376,Gate,Opposition,False
stone_family,STORM,STERN,2,0.9882,0.1008,Opposition,Opposition,True
