Glyph A,Glyph B,Name A,Name B,Group A,Group B,Marks A,Marks B,Magnitude Delta,Magnitude Result,Interaction Type,Signal A,Signal B
B,B,beith,beith,right,right,1,1,0,Resonance,Reinforce,Atomic Initiation,Atomic Initiation
B,L,beith,luis,right,right,1,2,1,Modulation,Reinforce,Atomic Initiation,Weak Coupling
B,F,beith,fearn,right,right,1,3,2,Dominance,Reinforce,Atomic Initiation,Median Assertion
B,S,beith,sail,right,right,1,4,3,Dominance,Reinforce,Atomic Initiation,Strong Enforcement
B,P,beith,peith,right,right,1,5,4,Dominance,Reinforce,Atomic Initiation,Maximal Drive
B,H,beith,huath,right,left,1,1,0,Resonance,Opposition,Atomic Initiation,Atomic Reaction
B,D,beith,duir,right,left,1,2,1,Modulation,Opposition,Atomic Initiation,Weak Resistance
B,T,beith,tinne,right,left,1,3,2,Dominance,Opposition,Atomic Initiation,Median Balance
B,C,beith,coll,right,left,1,4,3,Dominance,Opposition,Atomic Initiation,Strong Barrier
B,W,beith,ceirt,right,left,1,5,4,Dominance,Opposition,Atomic Initiation,Maximal Opposition
B,M,beith,muin,right,cross,1,1,0,Resonance,Anchor,Atomic Initiation,Atomic Bind
B,G,beith,gort,right,cross,1,2,1,Modulation,Anchor,Atomic Initiation,Loose Knot
B,N,beith,ngeadal,right,cross,1,3,2,Dominance,Anchor,Atomic Initiation,Median Lock
B,Z,beith,straif,right,cross,1,4,3,Dominance,Anchor,Atomic Initiation,Strong Anchor
B,R,beith,ruis,right,cross,1,5,4,Dominance,Anchor,Atomic Initiation,Maximal Fusion
B,A,beith,ailm,right,diagonal,1,1,0,Resonance,Propel,Atomic Initiation,Atomic Flow
B,O,beith,onn,right,diagonal,1,2,1,Modulation,Propel,Atomic Initiation,Weak Current
B,U,beith,ur,right,diagonal,1,3,2,Dominance,Propel,Atomic Initiation,Median Stream
B,E,beith,eadhadh,right,diagonal,1,4,3,Dominance,Propel,Atomic Initiation,Strong Torrent
B,I,beith,idad,right,diagonal,1,5,4,Dominance,Propel,Atomic Initiation,Maximal Jet
B,AE,beith,ae,right,backslash,1,1,0,Resonance,Distort,Atomic Initiation,Atomic Twist
B,OI,beith,oi,right,backslash,1,2,1,Modulation,Distort,Atomic Initiation,Weak Vortex
B,UI,beith,ui,right,backslash,1,3,2,Dominance,Distort,Atomic Initiation,Median Shift
B,EA,beith,ea,right,backslash,1,4,3,Dominance,Distort,Atomic Initiation,Strong Warp
B,IO,beith,io,right,backslash,1,5,4,Dominance,Distort,Atomic Initiation,Maximal Chaos
L,B,luis,beith,right,right,2,1,1,Modulation,Reinforce,Weak Coupling,Atomic Initiation
L,L,luis,luis,right,right,2,2,0,Resonance,Reinforce,Weak Coupling,Weak Coupling
L,F,luis,fearn,right,right,2,3,1,Modulation,Reinforce,Weak Coupling,Median Assertion
L,S,luis,sail,right,right,2,4,2,Dominance,Reinforce,Weak Coupling,Strong Enforcement
L,P,luis,peith,right,right,2,5,3,Dominance,Reinforce,Weak Coupling,Maximal Drive
L,H,luis,huath,right,left,2,1,1,Modulation,Opposition,Weak Coupling,Atomic Reaction
L,D,luis,duir,right,left,2,2,0,Resonance,Opposition,Weak Coupling,Weak Resistance
L,T,luis,tinne,right,left,2,3,1,Modulation,Opposition,Weak Coupling,Median Balance
L,C,luis,coll,right,left,2,4,2,Dominance,Opposition,Weak Coupling,Strong Barrier
L,W,luis,ceirt,right,left,2,5,3,Dominance,Opposition,Weak Coupling,Maximal Opposition
L,M,luis,muin,right,cross,2,1,1,Modulation,Anchor,Weak Coupling,Atomic Bind
L,G,luis,gort,right,cross,2,2,0,Resonance,Anchor,Weak Coupling,Loose Knot
L,N,luis,ngeadal,right,cross,2,3,1,Modulation,Anchor,Weak Coupling,Median Lock
L,Z,luis,straif,right,cross,2,4,2,Dominance,Anchor,Weak Coupling,Strong Anchor
L,R,luis,ruis,right,cross,2,5,3,Dominance,Anchor,Weak Coupling,Maximal Fusion
L,A,luis,ailm,right,diagonal,2,1,1,Modulation,Propel,Weak Coupling,Atomic Flow
L,O,luis,onn,right,diagonal,2,2,0,Resonance,Propel,Weak Coupling,Weak Current
L,U,luis,ur,right,diagonal,2,3,1,Modulation,Propel,Weak Coupling,Median Stream
L,E,luis,eadhadh,right,diagonal,2,4,2,Dominance,Propel,Weak Coupling,Strong Torrent
L,I,luis,idad,right,diagonal,2,5,3,Dominance,Propel,Weak Coupling,Maximal Jet
L,AE,luis,ae,right,backslash,2,1,1,Modulation,Distort,Weak Coupling,Atomic Twist
L,OI,luis,oi,right,backslash,2,2,0,Resonance,Distort,Weak Coupling,Weak Vortex
L,UI,luis,ui,right,backslash,2,3,1,Modulation,Distort,Weak Coupling,Median Shift
L,EA,luis,ea,right,backslash,2,4,2,Dominance,Distort,Weak Coupling,Strong Warp
L,IO,luis,io,right,backslash,2,5,3,Dominance,Distort,Weak Coupling,Maximal Chaos
F,B,fearn,beith,right,right,3,1,2,Dominance,Reinforce,Median Assertion,Atomic Initiation
F,L,fearn,luis,right,right,3,2,1,Modulation,Reinforce,Median Assertion,Weak Coupling
F,F,fearn,fearn,right,right,3,3,0,Resonance,Reinforce,Median Assertion,Median Assertion
F,S,fearn,sail,right,right,3,4,1,Modulation,Reinforce,Median Assertion,Strong Enforcement
F,P,fearn,peith,right,right,3,5,2,Dominance,Reinforce,Median Assertion,Maximal Drive
F,H,fearn,huath,right,left,3,1,2,Dominance,Opposition,Median Assertion,Atomic Reaction
F,D,fearn,duir,right,left,3,2,1,Modulation,Opposition,Median Assertion,Weak Resistance
F,T,fearn,tinne,right,left,3,3,0,Resonance,Opposition,Median Assertion,Median Balance
F,C,fearn,coll,right,left,3,4,1,Modulation,Opposition,Median Assertion,Strong Barrier
F,W,fearn,ceirt,right,left,3,5,2,Dominance,Opposition,Median Assertion,Maximal Opposition
F,M,fearn,muin,right,cross,3,1,2,Dominance,Anchor,Median Assertion,Atomic Bind
F,G,fearn,gort,right,cross,3,2,1,Modulation,Anchor,Median Assertion,Loose Knot
F,N,fearn,ngeadal,right,cross,3,3,0,Resonance,Anchor,Median Assertion,Median Lock
F,Z,fearn,straif,right,cross,3,4,1,Modulation,Anchor,Median Assertion,Strong Anchor
F,R,fearn,ruis,right,cross,3,5,2,Dominance,Anchor,Median Assertion,Maximal Fusion
F,A,fearn,ailm,right,diagonal,3,1,2,Dominance,Propel,Median Assertion,Atomic Flow
F,O,fearn,onn,right,diagonal,3,2,1,Modulation,Propel,Median Assertion,Weak Current
F,U,fearn,ur,right,diagonal,3,3,0,Resonance,Propel,Median Assertion,Median Stream
F,E,fearn,eadhadh,right,diagonal,3,4,1,Modulation,Propel,Median Assertion,Strong Torrent
F,I,fearn,idad,right,diagonal,3,5,2,Dominance,Propel,Median Assertion,Maximal Jet
F,AE,fearn,ae,right,backslash,3,1,2,Dominance,Distort,Median Assertion,Atomic Twist
F,OI,fearn,oi,right,backslash,3,2,1,Modulation,Distort,Median Assertion,Weak Vortex
F,UI,fearn,ui,right,backslash,3,3,0,Resonance,Distort,Median Assertion,Median Shift
F,EA,fearn,ea,right,backslash,3,4,1,Modulation,Distort,Median Assertion,Strong Warp
F,IO,fearn,io,right,backslash,3,5,2,Dominance,Distort,Median Assertion,Maximal Chaos
S,B,sail,beith,right,right,4,1,3,Dominance,Reinforce,Strong Enforcement,Atomic Initiation
S,L,sail,luis,right,right,4,2,2,Dominance,Reinforce,Strong Enforcement,Weak Coupling
S,F,sail,fearn,right,right,4,3,1,Modulation,Reinforce,Strong Enforcement,Median Assertion
S,S,sail,sail,right,right,4,4,0,Resonance,Reinforce,Strong Enforcement,Strong Enforcement
S,P,sail,peith,right,right,4,5,1,Modulation,Reinforce,Strong Enforcement,Maximal Drive
S,H,sail,huath,right,left,4,1,3,Dominance,Opposition,Strong Enforcement,Atomic Reaction
S,D,sail,duir,right,left,4,2,2,Dominance,Opposition,Strong Enforcement,Weak Resistance
S,T,sail,tinne,right,left,4,3,1,Modulation,Opposition,Strong Enforcement,Median Balance
S,C,sail,coll,right,left,4,4,0,Resonance,Opposition,Strong Enforcement,Strong Barrier
S,W,sail,ceirt,right,left,4,5,1,Modulation,Opposition,Strong Enforcement,Maximal Opposition
S,M,sail,muin,right,cross,4,1,3,Dominance,Anchor,Strong Enforcement,Atomic Bind
S,G,sail,gort,right,cross,4,2,2,Dominance,Anchor,Strong Enforcement,Loose Knot
S,N,sail,ngeadal,right,cross,4,3,1,Modulation,Anchor,Strong Enforcement,Median Lock
S,Z,sail,straif,right,cross,4,4,0,Resonance,Anchor,Strong Enforcement,Strong Anchor
S,R,sail,ruis,right,cross,4,5,1,Modulation,Anchor,Strong Enforcement,Maximal Fusion
S,A,sail,ailm,right,diagonal,4,1,3,Dominance,Propel,Strong Enforcement,Atomic Flow
S,O,sail,onn,right,diagonal,4,2,2,Dominance,Propel,Strong Enforcement,Weak Current
S,U,sail,ur,right,diagonal,4,3,1,Modulation,Propel,Strong Enforcement,Median Stream
S,E,sail,eadhadh,right,diagonal,4,4,0,Resonance,Propel,Strong Enforcement,Strong Torrent
S,I,sail,idad,right,diagonal,4,5,1,Modulation,Propel,Strong Enforcement,Maximal Jet
S,AE,sail,ae,right,backslash,4,1,3,Dominance,Distort,Strong Enforcement,Atomic Twist
S,OI,sail,oi,right,backslash,4,2,2,Dominance,Distort,Strong Enforcement,Weak Vortex
S,UI,sail,ui,right,backslash,4,3,1,Modulation,Distort,Strong Enforcement,Median Shift
S,EA,sail,ea,right,backslash,4,4,0,Resonance,Distort,Strong Enforcement,Strong Warp
S,IO,sail,io,right,backslash,4,5,1,Modulation,Distort,Strong Enforcement,Maximal Chaos
P,B,peith,beith,right,right,5,1,4,Dominance,Reinforce,Maximal Drive,Atomic Initiation
P,L,peith,luis,right,right,5,2,3,Dominance,Reinforce,Maximal Drive,Weak Coupling
P,F,peith,fearn,right,right,5,3,2,Dominance,Reinforce,Maximal Drive,Median Assertion
P,S,peith,sail,right,right,5,4,1,Modulation,Reinforce,Maximal Drive,Strong Enforcement
P,P,peith,peith,right,right,5,5,0,Resonance,Reinforce,Maximal Drive,Maximal Drive
P,H,peith,huath,right,left,5,1,4,Dominance,Opposition,Maximal Drive,Atomic Reaction
P,D,peith,duir,right,left,5,2,3,Dominance,Opposition,Maximal Drive,Weak Resistance
P,T,peith,tinne,right,left,5,3,2,Dominance,Opposition,Maximal Drive,Median Balance
P,C,peith,coll,right,left,5,4,1,Modulation,Opposition,Maximal Drive,Strong Barrier
P,W,peith,ceirt,right,left,5,5,0,Resonance,Opposition,Maximal Drive,Maximal Opposition
P,M,peith,muin,right,cross,5,1,4,Dominance,Anchor,Maximal Drive,Atomic Bind
P,G,peith,gort,right,cross,5,2,3,Dominance,Anchor,Maximal Drive,Loose Knot
P,N,peith,ngeadal,right,cross,5,3,2,Dominance,Anchor,Maximal Drive,Median Lock
P,Z,peith,straif,right,cross,5,4,1,Modulation,Anchor,Maximal Drive,Strong Anchor
P,R,peith,ruis,right,cross,5,5,0,Resonance,Anchor,Maximal Drive,Maximal Fusion
P,A,peith,ailm,right,diagonal,5,1,4,Dominance,Propel,Maximal Drive,Atomic Flow
P,O,peith,onn,right,diagonal,5,2,3,Dominance,Propel,Maximal Drive,Weak Current
P,U,peith,ur,right,diagonal,5,3,2,Dominance,Propel,Maximal Drive,Median Stream
P,E,peith,eadhadh,right,diagonal,5,4,1,Modulation,Propel,Maximal Drive,Strong Torrent
P,I,peith,idad,right,diagonal,5,5,0,Resonance,Propel,Maximal Drive,Maximal Jet
P,AE,peith,ae,right,backslash,5,1,4,Dominance,Distort,Maximal Drive,Atomic Twist
P,OI,peith,oi,right,backslash,5,2,3,Dominance,Distort,Maximal Drive,Weak Vortex
P,UI,peith,ui,right,backslash,5,3,2,Dominance,Distort,Maximal Drive,Median Shift
P,EA,peith,ea,right,backslash,5,4,1,Modulation,Distort,Maximal Drive,Strong Warp
P,IO,peith,io,right,backslash,5,5,0,Resonance,Distort,Maximal Drive,Maximal Chaos
H,B,huath,beith,left,right,1,1,0,Resonance,Opposition,Atomic Reaction,Atomic Initiation
H,L,huath,luis,left,right,1,2,1,Modulation,Opposition,Atomic Reaction,Weak Coupling
H,F,huath,fearn,left,right,1,3,2,Dominance,Opposition,Atomic Reaction,Median Assertion
H,S,huath,sail,left,right,1,4,3,Dominance,Opposition,Atomic Reaction,Strong Enforcement
H,P,huath,peith,left,right,1,5,4,Dominance,Opposition,Atomic Reaction,Maximal Drive
H,H,huath,huath,left,left,1,1,0,Resonance,Reinforce,Atomic Reaction,Atomic Reaction
H,D,huath,duir,left,left,1,2,1,Modulation,Reinforce,Atomic Reaction,Weak Resistance
H,T,huath,tinne,left,left,1,3,2,Dominance,Reinforce,Atomic Reaction,Median Balance
H,C,huath,coll,left,left,1,4,3,Dominance,Reinforce,Atomic Reaction,Strong Barrier
H,W,huath,ceirt,left,left,1,5,4,Dominance,Reinforce,Atomic Reaction,Maximal Opposition
H,M,huath,muin,left,cross,1,1,0,Resonance,Anchor,Atomic Reaction,Atomic Bind
H,G,huath,gort,left,cross,1,2,1,Modulation,Anchor,Atomic Reaction,Loose Knot
H,N,huath,ngeadal,left,cross,1,3,2,Dominance,Anchor,Atomic Reaction,Median Lock
H,Z,huath,straif,left,cross,1,4,3,Dominance,Anchor,Atomic Reaction,Strong Anchor
H,R,huath,ruis,left,cross,1,5,4,Dominance,Anchor,Atomic Reaction,Maximal Fusion
H,A,huath,ailm,left,diagonal,1,1,0,Resonance,Dampen,Atomic Reaction,Atomic Flow
H,O,huath,onn,left,diagonal,1,2,1,Modulation,Dampen,Atomic Reaction,Weak Current
H,U,huath,ur,left,diagonal,1,3,2,Dominance,Dampen,Atomic Reaction,Median Stream
H,E,huath,eadhadh,left,diagonal,1,4,3,Dominance,Dampen,Atomic Reaction,Strong Torrent
H,I,huath,idad,left,diagonal,1,5,4,Dominance,Dampen,Atomic Reaction,Maximal Jet
H,AE,huath,ae,left,backslash,1,1,0,Resonance,Invert,Atomic Reaction,Atomic Twist
H,OI,huath,oi,left,backslash,1,2,1,Modulation,Invert,Atomic Reaction,Weak Vortex
H,UI,huath,ui,left,backslash,1,3,2,Dominance,Invert,Atomic Reaction,Median Shift
H,EA,huath,ea,left,backslash,1,4,3,Dominance,Invert,Atomic Reaction,Strong Warp
H,IO,huath,io,left,backslash,1,5,4,Dominance,Invert,Atomic Reaction,Maximal Chaos
D,B,duir,beith,left,right,2,1,1,Modulation,Opposition,Weak Resistance,Atomic Initiation
D,L,duir,luis,left,right,2,2,0,Resonance,Opposition,Weak Resistance,Weak Coupling
D,F,duir,fearn,left,right,2,3,1,Modulation,Opposition,Weak Resistance,Median Assertion
D,S,duir,sail,left,right,2,4,2,Dominance,Opposition,Weak Resistance,Strong Enforcement
D,P,duir,peith,left,right,2,5,3,Dominance,Opposition,Weak Resistance,Maximal Drive
D,H,duir,huath,left,left,2,1,1,Modulation,Reinforce,Weak Resistance,Atomic Reaction
D,D,duir,duir,left,left,2,2,0,Resonance,Reinforce,Weak Resistance,Weak Resistance
D,T,duir,tinne,left,left,2,3,1,Modulation,Reinforce,Weak Resistance,Median Balance
D,C,duir,coll,left,left,2,4,2,Dominance,Reinforce,Weak Resistance,Strong Barrier
D,W,duir,ceirt,left,left,2,5,3,Dominance,Reinforce,Weak Resistance,Maximal Opposition
D,M,duir,muin,left,cross,2,1,1,Modulation,Anchor,Weak Resistance,Atomic Bind
D,G,duir,gort,left,cross,2,2,0,Resonance,Anchor,Weak Resistance,Loose Knot
D,N,duir,ngeadal,left,cross,2,3,1,Modulation,Anchor,Weak Resistance,Median Lock
D,Z,duir,straif,left,cross,2,4,2,Dominance,Anchor,Weak Resistance,Strong Anchor
D,R,duir,ruis,left,cross,2,5,3,Dominance,Anchor,Weak Resistance,Maximal Fusion
D,A,duir,ailm,left,diagonal,2,1,1,Modulation,Dampen,Weak Resistance,Atomic Flow
D,O,duir,onn,left,diagonal,2,2,0,Resonance,Dampen,Weak Resistance,Weak Current
D,U,duir,ur,left,diagonal,2,3,1,Modulation,Dampen,Weak Resistance,Median Stream
D,E,duir,eadhadh,left,diagonal,2,4,2,Dominance,Dampen,Weak Resistance,Strong Torrent
D,I,duir,idad,left,diagonal,2,5,3,Dominance,Dampen,Weak Resistance,Maximal Jet
D,AE,duir,ae,left,backslash,2,1,1,Modulation,Invert,Weak Resistance,Atomic Twist
D,OI,duir,oi,left,backslash,2,2,0,Resonance,Invert,Weak Resistance,Weak Vortex
D,UI,duir,ui,left,backslash,2,3,1,Modulation,Invert,Weak Resistance,Median Shift
D,EA,duir,ea,left,backslash,2,4,2,Dominance,Invert,Weak Resistance,Strong Warp
D,IO,duir,io,left,backslash,2,5,3,Dominance,Invert,Weak Resistance,Maximal Chaos
T,B,tinne,beith,left,right,3,1,2,Dominance,Opposition,Median Balance,Atomic Initiation
T,L,tinne,luis,left,right,3,2,1,Modulation,Opposition,Median Balance,Weak Coupling
T,F,tinne,fearn,left,right,3,3,0,Resonance,Opposition,Median Balance,Median Assertion
T,S,tinne,sail,left,right,3,4,1,Modulation,Opposition,Median Balance,Strong Enforcement
T,P,tinne,peith,left,right,3,5,2,Dominance,Opposition,Median Balance,Maximal Drive
T,H,tinne,huath,left,left,3,1,2,Dominance,Reinforce,Median Balance,Atomic Reaction
T,D,tinne,duir,left,left,3,2,1,Modulation,Reinforce,Median Balance,Weak Resistance
T,T,tinne,tinne,left,left,3,3,0,Resonance,Reinforce,Median Balance,Median Balance
T,C,tinne,coll,left,left,3,4,1,Modulation,Reinforce,Median Balance,Strong Barrier
T,W,tinne,ceirt,left,left,3,5,2,Dominance,Reinforce,Median Balance,Maximal Opposition
T,M,tinne,muin,left,cross,3,1,2,Dominance,Anchor,Median Balance,Atomic Bind
T,G,tinne,gort,left,cross,3,2,1,Modulation,Anchor,Median Balance,Loose Knot
T,N,tinne,ngeadal,left,cross,3,3,0,Resonance,Anchor,Median Balance,Median Lock
T,Z,tinne,straif,left,cross,3,4,1,Modulation,Anchor,Median Balance,Strong Anchor
T,R,tinne,ruis,left,cross,3,5,2,Dominance,Anchor,Median Balance,Maximal Fusion
T,A,tinne,ailm,left,diagonal,3,1,2,Dominance,Dampen,Median Balance,Atomic Flow
T,O,tinne,onn,left,diagonal,3,2,1,Modulation,Dampen,Median Balance,Weak Current
T,U,tinne,ur,left,diagonal,3,3,0,Resonance,Dampen,Median Balance,Median Stream
T,E,tinne,eadhadh,left,diagonal,3,4,1,Modulation,Dampen,Median Balance,Strong Torrent
T,I,tinne,idad,left,diagonal,3,5,2,Dominance,Dampen,Median Balance,Maximal Jet
T,AE,tinne,ae,left,backslash,3,1,2,Dominance,Invert,Median Balance,Atomic Twist
T,OI,tinne,oi,left,backslash,3,2,1,Modulation,Invert,Median Balance,Weak Vortex
T,UI,tinne,ui,left,backslash,3,3,0,Resonance,Invert,Median Balance,Median Shift
T,EA,tinne,ea,left,backslash,3,4,1,Modulation,Invert,Median Balance,Strong Warp
T,IO,tinne,io,left,backslash,3,5,2,Dominance,Invert,Median Balance,Maximal Chaos
C,B,coll,beith,left,right,4,1,3,Dominance,Opposition,Strong Barrier,Atomic Initiation
C,L,coll,luis,left,right,4,2,2,Dominance,Opposition,Strong Barrier,Weak Coupling
C,F,coll,fearn,left,right,4,3,1,Modulation,Opposition,Strong Barrier,Median Assertion
C,S,coll,sail,left,right,4,4,0,Resonance,Opposition,Strong Barrier,Strong Enforcement
C,P,coll,peith,left,right,4,5,1,Modulation,Opposition,Strong Barrier,Maximal Drive
C,H,coll,huath,left,left,4,1,3,Dominance,Reinforce,Strong Barrier,Atomic Reaction
C,D,coll,duir,left,left,4,2,2,Dominance,Reinforce,Strong Barrier,Weak Resistance
C,T,coll,tinne,left,left,4,3,1,Modulation,Reinforce,Strong Barrier,Median Balance
C,C,coll,coll,left,left,4,4,0,Resonance,Reinforce,Strong Barrier,Strong Barrier
C,W,coll,ceirt,left,left,4,5,1,Modulation,Reinforce,Strong Barrier,Maximal Opposition
C,M,coll,muin,left,cross,4,1,3,Dominance,Anchor,Strong Barrier,Atomic Bind
C,G,coll,gort,left,cross,4,2,2,Dominance,Anchor,Strong Barrier,Loose Knot
C,N,coll,ngeadal,left,cross,4,3,1,Modulation,Anchor,Strong Barrier,Median Lock
C,Z,coll,straif,left,cross,4,4,0,Resonance,Anchor,Strong Barrier,Strong Anchor
C,R,coll,ruis,left,cross,4,5,1,Modulation,Anchor,Strong Barrier,Maximal Fusion
C,A,coll,ailm,left,diagonal,4,1,3,Dominance,Dampen,Strong Barrier,Atomic Flow
C,O,coll,onn,left,diagonal,4,2,2,Dominance,Dampen,Strong Barrier,Weak Current
C,U,coll,ur,left,diagonal,4,3,1,Modulation,Dampen,Strong Barrier,Median Stream
C,E,coll,eadhadh,left,diagonal,4,4,0,Resonance,Dampen,Strong Barrier,Strong Torrent
C,I,coll,idad,left,diagonal,4,5,1,Modulation,Dampen,Strong Barrier,Maximal Jet
C,AE,coll,ae,left,backslash,4,1,3,Dominance,Invert,Strong Barrier,Atomic Twist
C,OI,coll,oi,left,backslash,4,2,2,Dominance,Invert,Strong Barrier,Weak Vortex
C,UI,coll,ui,left,backslash,4,3,1,Modulation,Invert,Strong Barrier,Median Shift
C,EA,coll,ea,left,backslash,4,4,0,Resonance,Invert,Strong Barrier,Strong Warp
C,IO,coll,io,left,backslash,4,5,1,Modulation,Invert,Strong Barrier,Maximal Chaos
W,B,ceirt,beith,left,right,5,1,4,Dominance,Opposition,Maximal Opposition,Atomic Initiation
W,L,ceirt,luis,left,right,5,2,3,Dominance,Opposition,Maximal Opposition,Weak Coupling
W,F,ceirt,fearn,left,right,5,3,2,Dominance,Opposition,Maximal Opposition,Median Assertion
W,S,ceirt,sail,left,right,5,4,1,Modulation,Opposition,Maximal Opposition,Strong Enforcement
W,P,ceirt,peith,left,right,5,5,0,Resonance,Opposition,Maximal Opposition,Maximal Drive
W,H,ceirt,huath,left,left,5,1,4,Dominance,Reinforce,Maximal Opposition,Atomic Reaction
W,D,ceirt,duir,left,left,5,2,3,Dominance,Reinforce,Maximal Opposition,Weak Resistance
W,T,ceirt,tinne,left,left,5,3,2,Dominance,Reinforce,Maximal Opposition,Median Balance
W,C,ceirt,coll,left,left,5,4,1,Modulation,Reinforce,Maximal Opposition,Strong Barrier
W,W,ceirt,ceirt,left,left,5,5,0,Resonance,Reinforce,Maximal Opposition,Maximal Opposition
W,M,ceirt,muin,left,cross,5,1,4,Dominance,Anchor,Maximal Opposition,Atomic Bind
W,G,ceirt,gort,left,cross,5,2,3,Dominance,Anchor,Maximal Opposition,Loose Knot
W,N,ceirt,ngeadal,left,cross,5,3,2,Dominance,Anchor,Maximal Opposition,Median Lock
W,Z,ceirt,straif,left,cross,5,4,1,Modulation,Anchor,Maximal Opposition,Strong Anchor
W,R,ceirt,ruis,left,cross,5,5,0,Resonance,Anchor,Maximal Opposition,Maximal Fusion
W,A,ceirt,ailm,left,diagonal,5,1,4,Dominance,Dampen,Maximal Opposition,Atomic Flow
W,O,ceirt,onn,left,diagonal,5,2,3,Dominance,Dampen,Maximal Opposition,Weak Current
W,U,ceirt,ur,left,diagonal,5,3,2,Dominance,Dampen,Maximal Opposition,Median Stream
W,E,ceirt,eadhadh,left,diagonal,5,4,1,Modulation,Dampen,Maximal Opposition,Strong Torrent
W,I,ceirt,idad,left,diagonal,5,5,0,Resonance,Dampen,Maximal Opposition,Maximal Jet
W,AE,ceirt,ae,left,backslash,5,1,4,Dominance,Invert,Maximal Opposition,Atomic Twist
W,OI,ceirt,oi,left,backslash,5,2,3,Dominance,Invert,Maximal Opposition,Weak Vortex
W,UI,ceirt,ui,left,backslash,5,3,2,Dominance,Invert,Maximal Opposition,Median Shift
W,EA,ceirt,ea,left,backslash,5,4,1,Modulation,Invert,Maximal Opposition,Strong Warp
W,IO,ceirt,io,left,backslash,5,5,0,Resonance,Invert,Maximal Opposition,Maximal Chaos
M,B,muin,beith,cross,right,1,1,0,Resonance,Anchor,Atomic Bind,Atomic Initiation
M,L,muin,luis,cross,right,1,2,1,Modulation,Anchor,Atomic Bind,Weak Coupling
M,F,muin,fearn,cross,right,1,3,2,Dominance,Anchor,Atomic Bind,Median Assertion
M,S,muin,sail,cross,right,1,4,3,Dominance,Anchor,Atomic Bind,Strong Enforcement
M,P,muin,peith,cross,right,1,5,4,Dominance,Anchor,Atomic Bind,Maximal Drive
M,H,muin,huath,cross,left,1,1,0,Resonance,Anchor,Atomic Bind,Atomic Reaction
M,D,muin,duir,cross,left,1,2,1,Modulation,Anchor,Atomic Bind,Weak Resistance
M,T,muin,tinne,cross,left,1,3,2,Dominance,Anchor,Atomic Bind,Median Balance
M,C,muin,coll,cross,left,1,4,3,Dominance,Anchor,Atomic Bind,Strong Barrier
M,W,muin,ceirt,cross,left,1,5,4,Dominance,Anchor,Atomic Bind,Maximal Opposition
M,M,muin,muin,cross,cross,1,1,0,Resonance,Crystalize,Atomic Bind,Atomic Bind
M,G,muin,gort,cross,cross,1,2,1,Modulation,Crystalize,Atomic Bind,Loose Knot
M,N,muin,ngeadal,cross,cross,1,3,2,Dominance,Crystalize,Atomic Bind,Median Lock
M,Z,muin,straif,cross,cross,1,4,3,Dominance,Crystalize,Atomic Bind,Strong Anchor
M,R,muin,ruis,cross,cross,1,5,4,Dominance,Crystalize,Atomic Bind,Maximal Fusion
M,A,muin,ailm,cross,diagonal,1,1,0,Resonance,Gate,Atomic Bind,Atomic Flow
M,O,muin,onn,cross,diagonal,1,2,1,Modulation,Gate,Atomic Bind,Weak Current
M,U,muin,ur,cross,diagonal,1,3,2,Dominance,Gate,Atomic Bind,Median Stream
M,E,muin,eadhadh,cross,diagonal,1,4,3,Dominance,Gate,Atomic Bind,Strong Torrent
M,I,muin,idad,cross,diagonal,1,5,4,Dominance,Gate,Atomic Bind,Maximal Jet
M,AE,muin,ae,cross,backslash,1,1,0,Resonance,Fracture,Atomic Bind,Atomic Twist
M,OI,muin,oi,cross,backslash,1,2,1,Modulation,Fracture,Atomic Bind,Weak Vortex
M,UI,muin,ui,cross,backslash,1,3,2,Dominance,Fracture,Atomic Bind,Median Shift
M,EA,muin,ea,cross,backslash,1,4,3,Dominance,Fracture,Atomic Bind,Strong Warp
M,IO,muin,io,cross,backslash,1,5,4,Dominance,Fracture,Atomic Bind,Maximal Chaos
G,B,gort,beith,cross,right,2,1,1,Modulation,Anchor,Loose Knot,Atomic Initiation
G,L,gort,luis,cross,right,2,2,0,Resonance,Anchor,Loose Knot,Weak Coupling
G,F,gort,fearn,cross,right,2,3,1,Modulation,Anchor,Loose Knot,Median Assertion
G,S,gort,sail,cross,right,2,4,2,Dominance,Anchor,Loose Knot,Strong Enforcement
G,P,gort,peith,cross,right,2,5,3,Dominance,Anchor,Loose Knot,Maximal Drive
G,H,gort,huath,cross,left,2,1,1,Modulation,Anchor,Loose Knot,Atomic Reaction
G,D,gort,duir,cross,left,2,2,0,Resonance,Anchor,Loose Knot,Weak Resistance
G,T,gort,tinne,cross,left,2,3,1,Modulation,Anchor,Loose Knot,Median Balance
G,C,gort,coll,cross,left,2,4,2,Dominance,Anchor,Loose Knot,Strong Barrier
G,W,gort,ceirt,cross,left,2,5,3,Dominance,Anchor,Loose Knot,Maximal Opposition
G,M,gort,muin,cross,cross,2,1,1,Modulation,Crystalize,Loose Knot,Atomic Bind
G,G,gort,gort,cross,cross,2,2,0,Resonance,Crystalize,Loose Knot,Loose Knot
G,N,gort,ngeadal,cross,cross,2,3,1,Modulation,Crystalize,Loose Knot,Median Lock
G,Z,gort,straif,cross,cross,2,4,2,Dominance,Crystalize,Loose Knot,Strong Anchor
G,R,gort,ruis,cross,cross,2,5,3,Dominance,Crystalize,Loose Knot,Maximal Fusion
G,A,gort,ailm,cross,diagonal,2,1,1,Modulation,Gate,Loose Knot,Atomic Flow
G,O,gort,onn,cross,diagonal,2,2,0,Resonance,Gate,Loose Knot,Weak Current
G,U,gort,ur,cross,diagonal,2,3,1,Modulation,Gate,Loose Knot,Median Stream
G,E,gort,eadhadh,cross,diagonal,2,4,2,Dominance,Gate,Loose Knot,Strong Torrent
G,I,gort,idad,cross,diagonal,2,5,3,Dominance,Gate,Loose Knot,Maximal Jet
G,AE,gort,ae,cross,backslash,2,1,1,Modulation,Fracture,Loose Knot,Atomic Twist
G,OI,gort,oi,cross,backslash,2,2,0,Resonance,Fracture,Loose Knot,Weak Vortex
G,UI,gort,ui,cross,backslash,2,3,1,Modulation,Fracture,Loose Knot,Median Shift
G,EA,gort,ea,cross,backslash,2,4,2,Dominance,Fracture,Loose Knot,Strong Warp
G,IO,gort,io,cross,backslash,2,5,3,Dominance,Fracture,Loose Knot,Maximal Chaos
N,B,ngeadal,beith,cross,right,3,1,2,Dominance,Anchor,Median Lock,Atomic Initiation
N,L,ngeadal,luis,cross,right,3,2,1,Modulation,Anchor,Median Lock,Weak Coupling
N,F,ngeadal,fearn,cross,right,3,3,0,Resonance,Anchor,Median Lock,Median Assertion
N,S,ngeadal,sail,cross,right,3,4,1,Modulation,Anchor,Median Lock,Strong Enforcement
N,P,ngeadal,peith,cross,right,3,5,2,Dominance,Anchor,Median Lock,Maximal Drive
N,H,ngeadal,huath,cross,left,3,1,2,Dominance,Anchor,Median Lock,Atomic Reaction
N,D,ngeadal,duir,cross,left,3,2,1,Modulation,Anchor,Median Lock,Weak Resistance
N,T,ngeadal,tinne,cross,left,3,3,0,Resonance,Anchor,Median Lock,Median Balance
N,C,ngeadal,coll,cross,left,3,4,1,Modulation,Anchor,Median Lock,Strong Barrier
N,W,ngeadal,ceirt,cross,left,3,5,2,Dominance,Anchor,Median Lock,Maximal Opposition
N,M,ngeadal,muin,cross,cross,3,1,2,Dominance,Crystalize,Median Lock,Atomic Bind
N,G,ngeadal,gort,cross,cross,3,2,1,Modulation,Crystalize,Median Lock,Loose Knot
N,N,ngeadal,ngeadal,cross,cross,3,3,0,Resonance,Crystalize,Median Lock,Median Lock
N,Z,ngeadal,straif,cross,cross,3,4,1,Modulation,Crystalize,Median Lock,Strong Anchor
N,R,ngeadal,ruis,cross,cross,3,5,2,Dominance,Crystalize,Median Lock,Maximal Fusion
N,A,ngeadal,ailm,cross,diagonal,3,1,2,Dominance,Gate,Median Lock,Atomic Flow
N,O,ngeadal,onn,cross,diagonal,3,2,1,Modulation,Gate,Median Lock,Weak Current
N,U,ngeadal,ur,cross,diagonal,3,3,0,Resonance,Gate,Median Lock,Median Stream
N,E,ngeadal,eadhadh,cross,diagonal,3,4,1,Modulation,Gate,Median Lock,Strong Torrent
N,I,ngeadal,idad,cross,diagonal,3,5,2,Dominance,Gate,Median Lock,Maximal Jet
N,AE,ngeadal,ae,cross,backslash,3,1,2,Dominance,Fracture,Median Lock,Atomic Twist
N,OI,ngeadal,oi,cross,backslash,3,2,1,Modulation,Fracture,Median Lock,Weak Vortex
N,UI,ngeadal,ui,cross,backslash,3,3,0,Resonance,Fracture,Median Lock,Median Shift
N,EA,ngeadal,ea,cross,backslash,3,4,1,Modulation,Fracture,Median Lock,Strong Warp
N,IO,ngeadal,io,cross,backslash,3,5,2,Dominance,Fracture,Median Lock,Maximal Chaos
Z,B,straif,beith,cross,right,4,1,3,Dominance,Anchor,Strong Anchor,Atomic Initiation
Z,L,straif,luis,cross,right,4,2,2,Dominance,Anchor,Strong Anchor,Weak Coupling
Z,F,straif,fearn,cross,right,4,3,1,Modulation,Anchor,Strong Anchor,Median Assertion
Z,S,straif,sail,cross,right,4,4,0,Resonance,Anchor,Strong Anchor,Strong Enforcement
Z,P,straif,peith,cross,right,4,5,1,Modulation,Anchor,Strong Anchor,Maximal Drive
Z,H,straif,huath,cross,left,4,1,3,Dominance,Anchor,Strong Anchor,Atomic Reaction
Z,D,straif,duir,cross,left,4,2,2,Dominance,Anchor,Strong Anchor,Weak Resistance
Z,T,straif,tinne,cross,left,4,3,1,Modulation,Anchor,Strong Anchor,Median Balance
Z,C,straif,coll,cross,left,4,4,0,Resonance,Anchor,Strong Anchor,Strong Barrier
Z,W,straif,ceirt,cross,left,4,5,1,Modulation,Anchor,Strong Anchor,Maximal Opposition
Z,M,straif,muin,cross,cross,4,1,3,Dominance,Crystalize,Strong Anchor,Atomic Bind
Z,G,straif,gort,cross,cross,4,2,2,Dominance,Crystalize,Strong Anchor,Loose Knot
Z,N,straif,ngeadal,cross,cross,4,3,1,Modulation,Crystalize,Strong Anchor,Median Lock
Z,Z,straif,straif,cross,cross,4,4,0,Resonance,Crystalize,Strong Anchor,Strong Anchor
Z,R,straif,ruis,cross,cross,4,5,1,Modulation,Crystalize,Strong Anchor,Maximal Fusion
Z,A,straif,ailm,cross,diagonal,4,1,3,Dominance,Gate,Strong Anchor,Atomic Flow
Z,O,straif,onn,cross,diagonal,4,2,2,Dominance,Gate,Strong Anchor,Weak Current
Z,U,straif,ur,cross,diagonal,4,3,1,Modulation,Gate,Strong Anchor,Median Stream
Z,E,straif,eadhadh,cross,diagonal,4,4,0,Resonance,Gate,Strong Anchor,Strong Torrent
Z,I,straif,idad,cross,diagonal,4,5,1,Modulation,Gate,Strong Anchor,Maximal Jet
Z,AE,straif,ae,cross,backslash,4,1,3,Dominance,Fracture,Strong Anchor,Atomic Twist
Z,OI,straif,oi,cross,backslash,4,2,2,Dominance,Fracture,Strong Anchor,Weak Vortex
Z,UI,straif,ui,cross,backslash,4,3,1,Modulation,Fracture,Strong Anchor,Median Shift
Z,EA,straif,ea,cross,backslash,4,4,0,Resonance,Fracture,Strong Anchor,Strong Warp
Z,IO,straif,io,cross,backslash,4,5,1,Modulation,Fracture,Strong Anchor,Maximal Chaos
R,B,ruis,beith,cross,right,5,1,4,Dominance,Anchor,Maximal Fusion,Atomic Initiation
R,L,ruis,luis,cross,right,5,2,3,Dominance,Anchor,Maximal Fusion,Weak Coupling
R,F,ruis,fearn,cross,right,5,3,2,Dominance,Anchor,Maximal Fusion,Median Assertion
R,S,ruis,sail,cross,right,5,4,1,Modulation,Anchor,Maximal Fusion,Strong Enforcement
R,P,ruis,peith,cross,right,5,5,0,Resonance,Anchor,Maximal Fusion,Maximal Drive
R,H,ruis,huath,cross,left,5,1,4,Dominance,Anchor,Maximal Fusion,Atomic Reaction
R,D,ruis,duir,cross,left,5,2,3,Dominance,Anchor,Maximal Fusion,Weak Resistance
R,T,ruis,tinne,cross,left,5,3,2,Dominance,Anchor,Maximal Fusion,Median Balance
R,C,ruis,coll,cross,left,5,4,1,Modulation,Anchor,Maximal Fusion,Strong Barrier
R,W,ruis,ceirt,cross,left,5,5,0,Resonance,Anchor,Maximal Fusion,Maximal Opposition
R,M,ruis,muin,cross,cross,5,1,4,Dominance,Crystalize,Maximal Fusion,Atomic Bind
R,G,ruis,gort,cross,cross,5,2,3,Dominance,Crystalize,Maximal Fusion,Loose Knot
R,N,ruis,ngeadal,cross,cross,5,3,2,Dominance,Crystalize,Maximal Fusion,Median Lock
R,Z,ruis,straif,cross,cross,5,4,1,Modulation,Crystalize,Maximal Fusion,Strong Anchor
R,R,ruis,ruis,cross,cross,5,5,0,Resonance,Crystalize,Maximal Fusion,Maximal Fusion
R,A,ruis,ailm,cross,diagonal,5,1,4,Dominance,Gate,Maximal Fusion,Atomic Flow
R,O,ruis,onn,cross,diagonal,5,2,3,Dominance,Gate,Maximal Fusion,Weak Current
R,U,ruis,ur,cross,diagonal,5,3,2,Dominance,Gate,Maximal Fusion,Median Stream
R,E,ruis,eadhadh,cross,diagonal,5,4,1,Modulation,Gate,Maximal Fusion,Strong Torrent
R,I,ruis,idad,cross,diagonal,5,5,0,Resonance,Gate,Maximal Fusion,Maximal Jet
R,AE,ruis,ae,cross,backslash,5,1,4,Dominance,Fracture,Maximal Fusion,Atomic Twist
R,OI,ruis,oi,cross,backslash,5,2,3,Dominance,Fracture,Maximal Fusion,Weak Vortex
R,UI,ruis,ui,cross,backslash,5,3,2,Dominance,Fracture,Maximal Fusion,Median Shift
R,EA,ruis,ea,cross,backslash,5,4,1,Modulation,Fracture,Maximal Fusion,Strong Warp
R,IO,ruis,io,cross,backslash,5,5,0,Resonance,Fracture,Maximal Fusion,Maximal Chaos
A,B,ailm,beith,diagonal,right,1,1,0,Resonance,Propel,Atomic Flow,Atomic Initiation
A,L,ailm,luis,diagonal,right,1,2,1,Modulation,Propel,Atomic Flow,Weak Coupling
A,F,ailm,fearn,diagonal,right,1,3,2,Dominance,Propel,Atomic Flow,Median Assertion
A,S,ailm,sail,diagonal,right,1,4,3,Dominance,Propel,Atomic Flow,Strong Enforcement
A,P,ailm,peith,diagonal,right,1,5,4,Dominance,Propel,Atomic Flow,Maximal Drive
A,H,ailm,huath,diagonal,left,1,1,0,Resonance,Dampen,Atomic Flow,Atomic Reaction
A,D,ailm,duir,diagonal,left,1,2,1,Modulation,Dampen,Atomic Flow,Weak Resistance
A,T,ailm,tinne,diagonal,left,1,3,2,Dominance,Dampen,Atomic Flow,Median Balance
A,C,ailm,coll,diagonal,left,1,4,3,Dominance,Dampen,Atomic Flow,Strong Barrier
A,W,ailm,ceirt,diagonal,left,1,5,4,Dominance,Dampen,Atomic Flow,Maximal Opposition
A,M,ailm,muin,diagonal,cross,1,1,0,Resonance,Gate,Atomic Flow,Atomic Bind
A,G,ailm,gort,diagonal,cross,1,2,1,Modulation,Gate,Atomic Flow,Loose Knot
A,N,ailm,ngeadal,diagonal,cross,1,3,2,Dominance,Gate,Atomic Flow,Median Lock
A,Z,ailm,straif,diagonal,cross,1,4,3,Dominance,Gate,Atomic Flow,Strong Anchor
A,R,ailm,ruis,diagonal,cross,1,5,4,Dominance,Gate,Atomic Flow,Maximal Fusion
A,A,ailm,ailm,diagonal,diagonal,1,1,0,Resonance,Stream,Atomic Flow,Atomic Flow
A,O,ailm,onn,diagonal,diagonal,1,2,1,Modulation,Stream,Atomic Flow,Weak Current
A,U,ailm,ur,diagonal,diagonal,1,3,2,Dominance,Stream,Atomic Flow,Median Stream
A,E,ailm,eadhadh,diagonal,diagonal,1,4,3,Dominance,Stream,Atomic Flow,Strong Torrent
A,I,ailm,idad,diagonal,diagonal,1,5,4,Dominance,Stream,Atomic Flow,Maximal Jet
A,AE,ailm,ae,diagonal,backslash,1,1,0,Resonance,Turbulence,Atomic Flow,Atomic Twist
A,OI,ailm,oi,diagonal,backslash,1,2,1,Modulation,Turbulence,Atomic Flow,Weak Vortex
A,UI,ailm,ui,diagonal,backslash,1,3,2,Dominance,Turbulence,Atomic Flow,Median Shift
A,EA,ailm,ea,diagonal,backslash,1,4,3,Dominance,Turbulence,Atomic Flow,Strong Warp
A,IO,ailm,io,diagonal,backslash,1,5,4,Dominance,Turbulence,Atomic Flow,Maximal Chaos
O,B,onn,beith,diagonal,right,2,1,1,Modulation,Propel,Weak Current,Atomic Initiation
O,L,onn,luis,diagonal,right,2,2,0,Resonance,Propel,Weak Current,Weak Coupling
O,F,onn,fearn,diagonal,right,2,3,1,Modulation,Propel,Weak Current,Median Assertion
O,S,onn,sail,diagonal,right,2,4,2,Dominance,Propel,Weak Current,Strong Enforcement
O,P,onn,peith,diagonal,right,2,5,3,Dominance,Propel,Weak Current,Maximal Drive
O,H,onn,huath,diagonal,left,2,1,1,Modulation,Dampen,Weak Current,Atomic Reaction
O,D,onn,duir,diagonal,left,2,2,0,Resonance,Dampen,Weak Current,Weak Resistance
O,T,onn,tinne,diagonal,left,2,3,1,Modulation,Dampen,Weak Current,Median Balance
O,C,onn,coll,diagonal,left,2,4,2,Dominance,Dampen,Weak Current,Strong Barrier
O,W,onn,ceirt,diagonal,left,2,5,3,Dominance,Dampen,Weak Current,Maximal Opposition
O,M,onn,muin,diagonal,cross,2,1,1,Modulation,Gate,Weak Current,Atomic Bind
O,G,onn,gort,diagonal,cross,2,2,0,Resonance,Gate,Weak Current,Loose Knot
O,N,onn,ngeadal,diagonal,cross,2,3,1,Modulation,Gate,Weak Current,Median Lock
O,Z,onn,straif,diagonal,cross,2,4,2,Dominance,Gate,Weak Current,Strong Anchor
O,R,onn,ruis,diagonal,cross,2,5,3,Dominance,Gate,Weak Current,Maximal Fusion
O,A,onn,ailm,diagonal,diagonal,2,1,1,Modulation,Stream,Weak Current,Atomic Flow
O,O,onn,onn,diagonal,diagonal,2,2,0,Resonance,Stream,Weak Current,Weak Current
O,U,onn,ur,diagonal,diagonal,2,3,1,Modulation,Stream,Weak Current,Median Stream
O,E,onn,eadhadh,diagonal,diagonal,2,4,2,Dominance,Stream,Weak Current,Strong Torrent
O,I,onn,idad,diagonal,diagonal,2,5,3,Dominance,Stream,Weak Current,Maximal Jet
O,AE,onn,ae,diagonal,backslash,2,1,1,Modulation,Turbulence,Weak Current,Atomic Twist
O,OI,onn,oi,diagonal,backslash,2,2,0,Resonance,Turbulence,Weak Current,Weak Vortex
O,UI,onn,ui,diagonal,backslash,2,3,1,Modulation,Turbulence,Weak Current,Median Shift
O,EA,onn,ea,diagonal,backslash,2,4,2,Dominance,Turbulence,Weak Current,Strong Warp
O,IO,onn,io,diagonal,backslash,2,5,3,Dominance,Turbulence,Weak Current,Maximal Chaos
U,B,ur,beith,diagonal,right,3,1,2,Dominance,Propel,Median Stream,Atomic Initiation
U,L,ur,luis,diagonal,right,3,2,1,Modulation,Propel,Median Stream,Weak Coupling
U,F,ur,fearn,diagonal,right,3,3,0,Resonance,Propel,Median Stream,Median Assertion
U,S,ur,sail,diagonal,right,3,4,1,Modulation,Propel,Median Stream,Strong Enforcement
U,P,ur,peith,diagonal,right,3,5,2,Dominance,Propel,Median Stream,Maximal Drive
U,H,ur,huath,diagonal,left,3,1,2,Dominance,Dampen,Median Stream,Atomic Reaction
U,D,ur,duir,diagonal,left,3,2,1,Modulation,Dampen,Median Stream,Weak Resistance
U,T,ur,tinne,diagonal,left,3,3,0,Resonance,Dampen,Median Stream,Median Balance
U,C,ur,coll,diagonal,left,3,4,1,Modulation,Dampen,Median Stream,Strong Barrier
U,W,ur,ceirt,diagonal,left,3,5,2,Dominance,Dampen,Median Stream,Maximal Opposition
U,M,ur,muin,diagonal,cross,3,1,2,Dominance,Gate,Median Stream,Atomic Bind
U,G,ur,gort,diagonal,cross,3,2,1,Modulation,Gate,Median Stream,Loose Knot
U,N,ur,ngeadal,diagonal,cross,3,3,0,Resonance,Gate,Median Stream,Median Lock
U,Z,ur,straif,diagonal,cross,3,4,1,Modulation,Gate,Median Stream,Strong Anchor
U,R,ur,ruis,diagonal,cross,3,5,2,Dominance,Gate,Median Stream,Maximal Fusion
U,A,ur,ailm,diagonal,diagonal,3,1,2,Dominance,Stream,Median Stream,Atomic Flow
U,O,ur,onn,diagonal,diagonal,3,2,1,Modulation,Stream,Median Stream,Weak Current
U,U,ur,ur,diagonal,diagonal,3,3,0,Resonance,Stream,Median Stream,Median Stream
U,E,ur,eadhadh,diagonal,diagonal,3,4,1,Modulation,Stream,Median Stream,Strong Torrent
U,I,ur,idad,diagonal,diagonal,3,5,2,Dominance,Stream,Median Stream,Maximal Jet
U,AE,ur,ae,diagonal,backslash,3,1,2,Dominance,Turbulence,Median Stream,Atomic Twist
U,OI,ur,oi,diagonal,backslash,3,2,1,Modulation,Turbulence,Median Stream,Weak Vortex
U,UI,ur,ui,diagonal,backslash,3,3,0,Resonance,Turbulence,Median Stream,Median Shift
U,EA,ur,ea,diagonal,backslash,3,4,1,Modulation,Turbulence,Median Stream,Strong Warp
U,IO,ur,io,diagonal,backslash,3,5,2,Dominance,Turbulence,Median Stream,Maximal Chaos
E,B,eadhadh,beith,diagonal,right,4,1,3,Dominance,Propel,Strong Torrent,Atomic Initiation
E,L,eadhadh,luis,diagonal,right,4,2,2,Dominance,Propel,Strong Torrent,Weak Coupling
E,F,eadhadh,fearn,diagonal,right,4,3,1,Modulation,Propel,Strong Torrent,Median Assertion
E,S,eadhadh,sail,diagonal,right,4,4,0,Resonance,Propel,Strong Torrent,Strong Enforcement
E,P,eadhadh,peith,diagonal,right,4,5,1,Modulation,Propel,Strong Torrent,Maximal Drive
E,H,eadhadh,huath,diagonal,left,4,1,3,Dominance,Dampen,Strong Torrent,Atomic Reaction
E,D,eadhadh,duir,diagonal,left,4,2,2,Dominance,Dampen,Strong Torrent,Weak Resistance
E,T,eadhadh,tinne,diagonal,left,4,3,1,Modulation,Dampen,Strong Torrent,Median Balance
E,C,eadhadh,coll,diagonal,left,4,4,0,Resonance,Dampen,Strong Torrent,Strong Barrier
E,W,eadhadh,ceirt,diagonal,left,4,5,1,Modulation,Dampen,Strong Torrent,Maximal Opposition
E,M,eadhadh,muin,diagonal,cross,4,1,3,Dominance,Gate,Strong Torrent,Atomic Bind
E,G,eadhadh,gort,diagonal,cross,4,2,2,Dominance,Gate,Strong Torrent,Loose Knot
E,N,eadhadh,ngeadal,diagonal,cross,4,3,1,Modulation,Gate,Strong Torrent,Median Lock
E,Z,eadhadh,straif,diagonal,cross,4,4,0,Resonance,Gate,Strong Torrent,Strong Anchor
E,R,eadhadh,ruis,diagonal,cross,4,5,1,Modulation,Gate,Strong Torrent,Maximal Fusion
E,A,eadhadh,ailm,diagonal,diagonal,4,1,3,Dominance,Stream,Strong Torrent,Atomic Flow
E,O,eadhadh,onn,diagonal,diagonal,4,2,2,Dominance,Stream,Strong Torrent,Weak Current
E,U,eadhadh,ur,diagonal,diagonal,4,3,1,Modulation,Stream,Strong Torrent,Median Stream
E,E,eadhadh,eadhadh,diagonal,diagonal,4,4,0,Resonance,Stream,Strong Torrent,Strong Torrent
E,I,eadhadh,idad,diagonal,diagonal,4,5,1,Modulation,Stream,Strong Torrent,Maximal Jet
E,AE,eadhadh,ae,diagonal,backslash,4,1,3,Dominance,Turbulence,Strong Torrent,Atomic Twist
E,OI,eadhadh,oi,diagonal,backslash,4,2,2,Dominance,Turbulence,Strong Torrent,Weak Vortex
E,UI,eadhadh,ui,diagonal,backslash,4,3,1,Modulation,Turbulence,Strong Torrent,Median Shift
E,EA,eadhadh,ea,diagonal,backslash,4,4,0,Resonance,Turbulence,Strong Torrent,Strong Warp
E,IO,eadhadh,io,diagonal,backslash,4,5,1,Modulation,Turbulence,Strong Torrent,Maximal Chaos
I,B,idad,beith,diagonal,right,5,1,4,Dominance,Propel,Maximal Jet,Atomic Initiation
I,L,idad,luis,diagonal,right,5,2,3,Dominance,Propel,Maximal Jet,Weak Coupling
I,F,idad,fearn,diagonal,right,5,3,2,Dominance,Propel,Maximal Jet,Median Assertion
I,S,idad,sail,diagonal,right,5,4,1,Modulation,Propel,Maximal Jet,Strong Enforcement
I,P,idad,peith,diagonal,right,5,5,0,Resonance,Propel,Maximal Jet,Maximal Drive
I,H,idad,huath,diagonal,left,5,1,4,Dominance,Dampen,Maximal Jet,Atomic Reaction
I,D,idad,duir,diagonal,left,5,2,3,Dominance,Dampen,Maximal Jet,Weak Resistance
I,T,idad,tinne,diagonal,left,5,3,2,Dominance,Dampen,Maximal Jet,Median Balance
I,C,idad,coll,diagonal,left,5,4,1,Modulation,Dampen,Maximal Jet,Strong Barrier
I,W,idad,ceirt,diagonal,left,5,5,0,Resonance,Dampen,Maximal Jet,Maximal Opposition
I,M,idad,muin,diagonal,cross,5,1,4,Dominance,Gate,Maximal Jet,Atomic Bind
I,G,idad,gort,diagonal,cross,5,2,3,Dominance,Gate,Maximal Jet,Loose Knot
I,N,idad,ngeadal,diagonal,cross,5,3,2,Dominance,Gate,Maximal Jet,Median Lock
I,Z,idad,straif,diagonal,cross,5,4,1,Modulation,Gate,Maximal Jet,Strong Anchor
I,R,idad,ruis,diagonal,cross,5,5,0,Resonance,Gate,Maximal Jet,Maximal Fusion
I,A,idad,ailm,diagonal,diagonal,5,1,4,Dominance,Stream,Maximal Jet,Atomic Flow
I,O,idad,onn,diagonal,diagonal,5,2,3,Dominance,Stream,Maximal Jet,Weak Current
I,U,idad,ur,diagonal,diagonal,5,3,2,Dominance,Stream,Maximal Jet,Median Stream
I,E,idad,eadhadh,diagonal,diagonal,5,4,1,Modulation,Stream,Maximal Jet,Strong Torrent
I,I,idad,idad,diagonal,diagonal,5,5,0,Resonance,Stream,Maximal Jet,Maximal Jet
I,AE,idad,ae,diagonal,backslash,5,1,4,Dominance,Turbulence,Maximal Jet,Atomic Twist
I,OI,idad,oi,diagonal,backslash,5,2,3,Dominance,Turbulence,Maximal Jet,Weak Vortex
I,UI,idad,ui,diagonal,backslash,5,3,2,Dominance,Turbulence,Maximal Jet,Median Shift
I,EA,idad,ea,diagonal,backslash,5,4,1,Modulation,Turbulence,Maximal Jet,Strong Warp
I,IO,idad,io,diagonal,backslash,5,5,0,Resonance,Turbulence,Maximal Jet,Maximal Chaos
AE,B,ae,beith,backslash,right,1,1,0,Resonance,Distort,Atomic Twist,Atomic Initiation
AE,L,ae,luis,backslash,right,1,2,1,Modulation,Distort,Atomic Twist,Weak Coupling
AE,F,ae,fearn,backslash,right,1,3,2,Dominance,Distort,Atomic Twist,Median Assertion
AE,S,ae,sail,backslash,right,1,4,3,Dominance,Distort,Atomic Twist,Strong Enforcement
AE,P,ae,peith,backslash,right,1,5,4,Dominance,Distort,Atomic Twist,Maximal Drive
AE,H,ae,huath,backslash,left,1,1,0,Resonance,Invert,Atomic Twist,Atomic Reaction
AE,D,ae,duir,backslash,left,1,2,1,Modulation,Invert,Atomic Twist,Weak Resistance
AE,T,ae,tinne,backslash,left,1,3,2,Dominance,Invert,Atomic Twist,Median Balance
AE,C,ae,coll,backslash,left,1,4,3,Dominance,Invert,Atomic Twist,Strong Barrier
AE,W,ae,ceirt,backslash,left,1,5,4,Dominance,Invert,Atomic Twist,Maximal Opposition
AE,M,ae,muin,backslash,cross,1,1,0,Resonance,Fracture,Atomic Twist,Atomic Bind
AE,G,ae,gort,backslash,cross,1,2,1,Modulation,Fracture,Atomic Twist,Loose Knot
AE,N,ae,ngeadal,backslash,cross,1,3,2,Dominance,Fracture,Atomic Twist,Median Lock
AE,Z,ae,straif,backslash,cross,1,4,3,Dominance,Fracture,Atomic Twist,Strong Anchor
AE,R,ae,ruis,backslash,cross,1,5,4,Dominance,Fracture,Atomic Twist,Maximal Fusion
AE,A,ae,ailm,backslash,diagonal,1,1,0,Resonance,Turbulence,Atomic Twist,Atomic Flow
AE,O,ae,onn,backslash,diagonal,1,2,1,Modulation,Turbulence,Atomic Twist,Weak Current
AE,U,ae,ur,backslash,diagonal,1,3,2,Dominance,Turbulence,Atomic Twist,Median Stream
AE,E,ae,eadhadh,backslash,diagonal,1,4,3,Dominance,Turbulence,Atomic Twist,Strong Torrent
AE,I,ae,idad,backslash,diagonal,1,5,4,Dominance,Turbulence,Atomic Twist,Maximal Jet
AE,AE,ae,ae,backslash,backslash,1,1,0,Resonance,Phase Shift,Atomic Twist,Atomic Twist
AE,OI,ae,oi,backslash,backslash,1,2,1,Modulation,Phase Shift,Atomic Twist,Weak Vortex
AE,UI,ae,ui,backslash,backslash,1,3,2,Dominance,Phase Shift,Atomic Twist,Median Shift
AE,EA,ae,ea,backslash,backslash,1,4,3,Dominance,Phase Shift,Atomic Twist,Strong Warp
AE,IO,ae,io,backslash,backslash,1,5,4,Dominance,Phase Shift,Atomic Twist,Maximal Chaos
OI,B,oi,beith,backslash,right,2,1,1,Modulation,Distort,Weak Vortex,Atomic Initiation
OI,L,oi,luis,backslash,right,2,2,0,Resonance,Distort,Weak Vortex,Weak Coupling
OI,F,oi,fearn,backslash,right,2,3,1,Modulation,Distort,Weak Vortex,Median Assertion
OI,S,oi,sail,backslash,right,2,4,2,Dominance,Distort,Weak Vortex,Strong Enforcement
OI,P,oi,peith,backslash,right,2,5,3,Dominance,Distort,Weak Vortex,Maximal Drive
OI,H,oi,huath,backslash,left,2,1,1,Modulation,Invert,Weak Vortex,Atomic Reaction
OI,D,oi,duir,backslash,left,2,2,0,Resonance,Invert,Weak Vortex,Weak Resistance
OI,T,oi,tinne,backslash,left,2,3,1,Modulation,Invert,Weak Vortex,Median Balance
OI,C,oi,coll,backslash,left,2,4,2,Dominance,Invert,Weak Vortex,Strong Barrier
OI,W,oi,ceirt,backslash,left,2,5,3,Dominance,Invert,Weak Vortex,Maximal Opposition
OI,M,oi,muin,backslash,cross,2,1,1,Modulation,Fracture,Weak Vortex,Atomic Bind
OI,G,oi,gort,backslash,cross,2,2,0,Resonance,Fracture,Weak Vortex,Loose Knot
OI,N,oi,ngeadal,backslash,cross,2,3,1,Modulation,Fracture,Weak Vortex,Median Lock
OI,Z,oi,straif,backslash,cross,2,4,2,Dominance,Fracture,Weak Vortex,Strong Anchor
OI,R,oi,ruis,backslash,cross,2,5,3,Dominance,Fracture,Weak Vortex,Maximal Fusion
OI,A,oi,ailm,backslash,diagonal,2,1,1,Modulation,Turbulence,Weak Vortex,Atomic Flow
OI,O,oi,onn,backslash,diagonal,2,2,0,Resonance,Turbulence,Weak Vortex,Weak Current
OI,U,oi,ur,backslash,diagonal,2,3,1,Modulation,Turbulence,Weak Vortex,Median Stream
OI,E,oi,eadhadh,backslash,diagonal,2,4,2,Dominance,Turbulence,Weak Vortex,Strong Torrent
OI,I,oi,idad,backslash,diagonal,2,5,3,Dominance,Turbulence,Weak Vortex,Maximal Jet
OI,AE,oi,ae,backslash,backslash,2,1,1,Modulation,Phase Shift,Weak Vortex,Atomic Twist
OI,OI,oi,oi,backslash,backslash,2,2,0,Resonance,Phase Shift,Weak Vortex,Weak Vortex
OI,UI,oi,ui,backslash,backslash,2,3,1,Modulation,Phase Shift,Weak Vortex,Median Shift
OI,EA,oi,ea,backslash,backslash,2,4,2,Dominance,Phase Shift,Weak Vortex,Strong Warp
OI,IO,oi,io,backslash,backslash,2,5,3,Dominance,Phase Shift,Weak Vortex,Maximal Chaos
UI,B,ui,beith,backslash,right,3,1,2,Dominance,Distort,Median Shift,Atomic Initiation
UI,L,ui,luis,backslash,right,3,2,1,Modulation,Distort,Median Shift,Weak Coupling
UI,F,ui,fearn,backslash,right,3,3,0,Resonance,Distort,Median Shift,Median Assertion
UI,S,ui,sail,backslash,right,3,4,1,Modulation,Distort,Median Shift,Strong Enforcement
UI,P,ui,peith,backslash,right,3,5,2,Dominance,Distort,Median Shift,Maximal Drive
UI,H,ui,huath,backslash,left,3,1,2,Dominance,Invert,Median Shift,Atomic Reaction
UI,D,ui,duir,backslash,left,3,2,1,Modulation,Invert,Median Shift,Weak Resistance
UI,T,ui,tinne,backslash,left,3,3,0,Resonance,Invert,Median Shift,Median Balance
UI,C,ui,coll,backslash,left,3,4,1,Modulation,Invert,Median Shift,Strong Barrier
UI,W,ui,ceirt,backslash,left,3,5,2,Dominance,Invert,Median Shift,Maximal Opposition
UI,M,ui,muin,backslash,cross,3,1,2,Dominance,Fracture,Median Shift,Atomic Bind
UI,G,ui,gort,backslash,cross,3,2,1,Modulation,Fracture,Median Shift,Loose Knot
UI,N,ui,ngeadal,backslash,cross,3,3,0,Resonance,Fracture,Median Shift,Median Lock
UI,Z,ui,straif,backslash,cross,3,4,1,Modulation,Fracture,Median Shift,Strong Anchor
UI,R,ui,ruis,backslash,cross,3,5,2,Dominance,Fracture,Median Shift,Maximal Fusion
UI,A,ui,ailm,backslash,diagonal,3,1,2,Dominance,Turbulence,Median Shift,Atomic Flow
UI,O,ui,onn,backslash,diagonal,3,2,1,Modulation,Turbulence,Median Shift,Weak Current
UI,U,ui,ur,backslash,diagonal,3,3,0,Resonance,Turbulence,Median Shift,Median Stream
UI,E,ui,eadhadh,backslash,diagonal,3,4,1,Modulation,Turbulence,Median Shift,Strong Torrent
UI,I,ui,idad,backslash,diagonal,3,5,2,Dominance,Turbulence,Median Shift,Maximal Jet
UI,AE,ui,ae,backslash,backslash,3,1,2,Dominance,Phase Shift,Median Shift,Atomic Twist
UI,OI,ui,oi,backslash,backslash,3,2,1,Modulation,Phase Shift,Median Shift,Weak Vortex
UI,UI,ui,ui,backslash,backslash,3,3,0,Resonance,Phase Shift,Median Shift,Median Shift
UI,EA,ui,ea,backslash,backslash,3,4,1,Modulation,Phase Shift,Median Shift,Strong Warp
UI,IO,ui,io,backslash,backslash,3,5,2,Dominance,Phase Shift,Median Shift,Maximal Chaos
EA,B,ea,beith,backslash,right,4,1,3,Dominance,Distort,Strong Warp,Atomic Initiation
EA,L,ea,luis,backslash,right,4,2,2,Dominance,Distort,Strong Warp,Weak Coupling
EA,F,ea,fearn,backslash,right,4,3,1,Modulation,Distort,Strong Warp,Median Assertion
EA,S,ea,sail,backslash,right,4,4,0,Resonance,Distort,Strong Warp,Strong Enforcement
EA,P,ea,peith,backslash,right,4,5,1,Modulation,Distort,Strong Warp,Maximal Drive
EA,H,ea,huath,backslash,left,4,1,3,Dominance,Invert,Strong Warp,Atomic Reaction
EA,D,ea,duir,backslash,left,4,2,2,Dominance,Invert,Strong Warp,Weak Resistance
EA,T,ea,tinne,backslash,left,4,3,1,Modulation,Invert,Strong Warp,Median Balance
EA,C,ea,coll,backslash,left,4,4,0,Resonance,Invert,Strong Warp,Strong Barrier
EA,W,ea,ceirt,backslash,left,4,5,1,Modulation,Invert,Strong Warp,Maximal Opposition
EA,M,ea,muin,backslash,cross,4,1,3,Dominance,Fracture,Strong Warp,Atomic Bind
EA,G,ea,gort,backslash,cross,4,2,2,Dominance,Fracture,Strong Warp,Loose Knot
EA,N,ea,ngeadal,backslash,cross,4,3,1,Modulation,Fracture,Strong Warp,Median Lock
EA,Z,ea,straif,backslash,cross,4,4,0,Resonance,Fracture,Strong Warp,Strong Anchor
EA,R,ea,ruis,backslash,cross,4,5,1,Modulation,Fracture,Strong Warp,Maximal Fusion
EA,A,ea,ailm,backslash,diagonal,4,1,3,Dominance,Turbulence,Strong Warp,Atomic Flow
EA,O,ea,onn,backslash,diagonal,4,2,2,Dominance,Turbulence,Strong Warp,Weak Current
EA,U,ea,ur,backslash,diagonal,4,3,1,Modulation,Turbulence,Strong Warp,Median Stream
EA,E,ea,eadhadh,backslash,diagonal,4,4,0,Resonance,Turbulence,Strong Warp,Strong Torrent
EA,I,ea,idad,backslash,diagonal,4,5,1,Modulation,Turbulence,Strong Warp,Maximal Jet
EA,AE,ea,ae,backslash,backslash,4,1,3,Dominance,Phase Shift,Strong Warp,Atomic Twist
EA,OI,ea,oi,backslash,backslash,4,2,2,Dominance,Phase Shift,Strong Warp,Weak Vortex
EA,UI,ea,ui,backslash,backslash,4,3,1,Modulation,Phase Shift,Strong Warp,Median Shift
EA,EA,ea,ea,backslash,backslash,4,4,0,Resonance,Phase Shift,Strong Warp,Strong Warp
EA,IO,ea,io,backslash,backslash,4,5,1,Modulation,Phase Shift,Strong Warp,Maximal Chaos
IO,B,io,beith,backslash,right,5,1,4,Dominance,Distort,Maximal Chaos,Atomic Initiation
IO,L,io,luis,backslash,right,5,2,3,Dominance,Distort,Maximal Chaos,Weak Coupling
IO,F,io,fearn,backslash,right,5,3,2,Dominance,Distort,Maximal Chaos,Median Assertion
IO,S,io,sail,backslash,right,5,4,1,Modulation,Distort,Maximal Chaos,Strong Enforcement
IO,P,io,peith,backslash,right,5,5,0,Resonance,Distort,Maximal Chaos,Maximal Drive
IO,H,io,huath,backslash,left,5,1,4,Dominance,Invert,Maximal Chaos,Atomic Reaction
IO,D,io,duir,backslash,left,5,2,3,Dominance,Invert,Maximal Chaos,Weak Resistance
IO,T,io,tinne,backslash,left,5,3,2,Dominance,Invert,Maximal Chaos,Median Balance
IO,C,io,coll,backslash,left,5,4,1,Modulation,Invert,Maximal Chaos,Strong Barrier
IO,W,io,ceirt,backslash,left,5,5,0,Resonance,Invert,Maximal Chaos,Maximal Opposition
IO,M,io,muin,backslash,cross,5,1,4,Dominance,Fracture,Maximal Chaos,Atomic Bind
IO,G,io,gort,backslash,cross,5,2,3,Dominance,Fracture,Maximal Chaos,Loose Knot
IO,N,io,ngeadal,backslash,cross,5,3,2,Dominance,Fracture,Maximal Chaos,Median Lock
IO,Z,io,straif,backslash,cross,5,4,1,Modulation,Fracture,Maximal Chaos,Strong Anchor
IO,R,io,ruis,backslash,cross,5,5,0,Resonance,Fracture,Maximal Chaos,Maximal Fusion
IO,A,io,ailm,backslash,diagonal,5,1,4,Dominance,Turbulence,Maximal Chaos,Atomic Flow
IO,O,io,onn,backslash,diagonal,5,2,3,Dominance,Turbulence,Maximal Chaos,Weak Current
IO,U,io,ur,backslash,diagonal,5,3,2,Dominance,Turbulence,Maximal Chaos,Median Stream
IO,E,io,eadhadh,backslash,diagonal,5,4,1,Modulation,Turbulence,Maximal Chaos,Strong Torrent
IO,I,io,idad,backslash,diagonal,5,5,0,Resonance,Turbulence,Maximal Chaos,Maximal Jet
IO,AE,io,ae,backslash,backslash,5,1,4,Dominance,Phase Shift,Maximal Chaos,Atomic Twist
IO,OI,io,oi,backslash,backslash,5,2,3,Dominance,Phase Shift,Maximal Chaos,Weak Vortex
IO,UI,io,ui,backslash,backslash,5,3,2,Dominance,Phase Shift,Maximal Chaos,Median Shift
IO,EA,io,ea,backslash,backslash,5,4,1,Modulation,Phase Shift,Maximal Chaos,Strong Warp
IO,IO,io,io,backslash,backslash,5,5,0,Resonance,Phase Shift,Maximal Chaos,Maximal Chaos
