Interaction Type,Anchor
,
Pair,
BG,
BM,
BN,
BNG,
BR,
BZ,
CG,
CM,
CN,
CNG,
CR,
CZ,
DG,
DM,
DN,
DNG,
DR,
DZ,
FG,
FM,
FN,
FNG,
FR,
FZ,
GB,
GC,
GD,
GF,
GH,
GL,
GP,
GS,
GT,
GW,
HG,
HM,
HN,
HNG,
HR,
HZ,
LG,
LM,
LN,
LNG,
LR,
LZ,
MB,
MC,
MD,
MF,
MH,
ML,
MP,
MS,
MT,
MW,
NB,
NC,
ND,
NF,
NGB,
NGC,
NGD,
NGF,
NGH,
NGL,
NGP,
NGS,
NGT,
NGW,
NH,
NL,
NP,
NS,
NT,
NW,
PG,
PM,
PN,
PNG,
PR,
PZ,
RB,
RC,
RD,
RF,
RH,
RL,
RP,
RS,
RT,
RW,
SG,
SM,
SN,
SNG,
SR,
SZ,
TG,
TM,
TN,
TNG,
TR,
TZ,
WG,
WM,
WN,
WNG,
WR,
WZ,
ZB,
ZC,
ZD,
ZF,
ZH,
ZL,
ZP,
ZS,
ZT,
ZW,
Grand Total,
