id,source,phrase,transliteration_mode,original_normalized_phrase,normalized_phrase,substitution_count,substitutions,alternate_count,sensitivity_enabled,sensitivity_variant_count,sensitivity_stable,word_count,glyph_count,skipped_chars,glyph_sequence,dominant_interaction,dominant_interaction_count,disruptive_event_count,disruptive_pairs,interaction_entropy,count_anchor,count_crystalize,count_dampen,count_distort,count_fracture,count_gate,count_invert,count_opposition,count_phase_shift,count_propel,count_reinforce,count_stream,count_turbulence,group_right,group_left,group_cross,group_diagonal,group_backslash,marks_1,marks_2,marks_3,marks_4,marks_5,chord_action_net,chord_structure,chord_flow,chord_transform,raw_action_positive,raw_action_negative,raw_action_net,raw_structure,raw_flow,raw_transform
interessence,sample_phrases.txt:4,INTERESSENCE,canonical,INTERESSENCE,INTERESSENCE,0,,0,False,0,,1,12,,I N T E R E S S E N C E,Gate,4,0,,2.1867,2,0,2,0,0,4,0,0,0,2,1,0,0,2,2,3,5,0,0,0,3,7,2,0.0254,0.3051,0.6695,0.0,4.8,4.2,0.6,7.2,15.8,0.0
care-bends-friction-towards-freedom,sample_phrases.txt:5,CARE BENDS FRICTION TOWARDS FREEDOM,canonical,CARE BENDS FRICTION TOWARDS FREEDOM,CARE BENDS FRICTION TOWARDS FREEDOM,0,,0,False,0,,5,30,,C A R E B E N D S F R I C T IO N T O W A R D S F R E E D O M,Dampen,7,2,T->IO IO->N,2.8005,5,0,7,0,1,7,1,2,0,2,3,1,0,5,8,7,9,1,4,5,6,8,7,-0.0804,0.433,0.4196,0.067,14.2,17.8,-3.6,19.4,18.8,3.0
cura-frictionem-ad-libertatem-flectit,sample_phrases.txt:6,CURA FRICTIONEM AD LIBERTATEM FLECTIT,canonical,CURA FRICTIONEM AD LIBERTATEM FLECTIT,CURA FRICTIONEM AD LIBERTATEM FLECTIT,0,,0,False,0,,5,32,,C U R A F R I C T IO N E M A D L I B E R T A T E M F L E C T I T,Dampen,9,2,T->IO IO->N,2.5784,3,0,9,0,1,8,1,1,0,5,3,0,0,5,9,6,11,1,6,3,9,7,7,-0.2004,0.2646,0.4767,0.0584,10.2,20.5,-10.3,13.6,24.5,3.0
war-breaks-the-gate,sample_phrases.txt:7,WAR BREAKS THE GATE,canonical,WAR BREAKS THE GATE,WAR BREACS THE GATE,1,K->C@8:k_hard_to_c,1,False,0,,4,15,,W A R B R EA C S T H E G A T E,Dampen,4,2,R->EA EA->C,2.6106,2,0,4,0,1,3,1,2,0,0,1,0,0,2,5,3,4,1,4,1,2,5,3,-0.2791,0.3488,0.2924,0.0797,4.6,13.0,-8.4,10.5,8.8,2.4
bellum-porta-frangit,sample_phrases.txt:8,BELLUM PORTA FRANGIT,canonical,BELLUM PORTA FRANGIT,BELLUM PORTA FRANGIT,0,,0,False,0,,3,18,,B E L L U M P O R T A F R A N G I T,Propel,5,0,,2.3243,3,1,2,0,0,5,0,0,0,5,1,0,0,5,2,5,6,0,4,4,5,1,4,0.2388,0.3772,0.3841,0.0,11.4,4.5,6.9,10.9,11.1,0.0
briseann-cogadh-an-geata,sample_phrases.txt:9,BRISEANN COGADH AN GEATA,canonical,BRISEANN COGADH AN GEATA,BRISEANN COGADH AN GEATA,0,,0,False,0,,4,19,,B R I S EA N N C O G A D H A N G EA T A,Gate,4,4,S->EA EA->N G->EA EA->T,2.9477,2,2,4,1,2,4,1,0,0,1,1,0,0,2,4,6,5,2,5,4,4,4,2,-0.1424,0.4557,0.2247,0.1772,3.4,7.9,-4.5,14.4,7.1,5.6
ait-fhrithchuimilte,sample_phrases.txt:10,AIT FHRITHCHUIMILTE,canonical,AIT FHRITHCHUIMILTE,AIT FHRITHCHUIMILTE,0,,0,False,0,,2,17,,A I T F H R I T H C H UI M I L T E,Dampen,3,2,H->UI UI->M,2.9835,1,0,3,0,1,2,1,3,0,1,3,1,0,2,7,2,5,1,5,1,5,2,4,-0.2453,0.1358,0.5509,0.0679,4.2,10.7,-6.5,3.6,14.6,1.8
snaidhm-a-iarrann-curam,sample_phrases.txt:11,SNAIDHM A IARRANN CURAM,canonical,SNAIDHM A IARRANN CURAM,SNAIDHM A IARRANN CURAM,0,,0,False,0,,4,20,,S N A I D H M A I A R R A N N C U R A M,Gate,8,0,,2.2737,3,2,2,0,0,8,0,0,0,0,1,3,0,1,3,8,8,0,8,1,4,2,5,-0.0537,0.5284,0.4179,0.0,4.0,5.8,-1.8,17.7,14.0,0.0
pizza-on-tuesday,sample_phrases.txt:12,PIZZA ON TUESDAY,canonical,PIZZA ON TUESDAY,PIZZA ON TUESDAI,1,Y->I@15:default_y_to_i,1,False,0,,3,14,,P I Z Z A O N T U E S D A I,Gate,3,0,,2.6612,1,1,2,0,0,3,0,1,0,2,0,3,0,2,2,3,7,0,2,2,3,4,3,0.1164,0.2727,0.6109,0.0,7.4,4.2,3.2,7.5,16.8,0.0
the-speir-is-blue,sample_phrases.txt:13,THE SPEIR IS BLUE,canonical,THE SPEIR IS BLUE,THE SPEIR IS BLUE,0,,0,False,0,,4,14,,T H E S P E I R I S B L U E,Reinforce,4,0,,2.162,0,0,1,0,0,2,0,0,0,4,4,2,0,5,2,1,6,0,2,1,2,5,4,0.3032,0.1312,0.5656,0.0,14.2,3.8,10.4,4.5,19.4,0.0
the-focs-and-the-hound,sample_phrases.txt:14,THE FOCS AND THE HOUND,canonical,THE FOCS AND THE HOUND,THE FOCS AND THE HOUND,0,,0,False,0,,5,18,,T H E F O C S A N D T H E H O U N D,Dampen,5,0,,2.6099,2,0,5,0,0,2,0,1,0,3,3,1,0,2,8,2,6,0,4,4,6,4,0,-0.315,0.1654,0.5197,0.0,6.6,14.6,-8.0,4.2,13.2,0.0
